libraryPageTitle,sourceUrl,targetUrl,collectionPageTitle,section
Using the library,wellcomelibrary.org/using-the-library/,https://wellcomecollection.org/pages/Wuw19yIAAK1Z3Smm,The Library ,Using the Library
joining the library,wellcomelibrary.org/using-the-library/joining-the-library/,https://wellcomecollection.org/pages/X_2eexEAACQAZLBi,Library Membership ,Using the Library
visiting the library,wellcomelibrary.org/using-the-library/visiting-the-library/,https://wellcomecollection.org/visit-us,Visit Us ,Using the Library
how to find us,wellcomelibrary.org/using-the-library/visiting-the-library/how-to-find-us/,https://wellcomecollection.org/pages/WwabUiAAAHQXGNHB,Getting here,Using the Library
food drink and cloakroom,wellcomelibrary.org/using-the-library/visiting-the-library/food-drink-and-cloakroom/,https://wellcomecollection.org/pages/Wuw19yIAAK1Z3Sm0,Storing your belongings ,Using the Library
access for visitors with disabilities,wellcomelibrary.org/using-the-library/visiting-the-library/access-for-visitors-with-disabilities/,https://wellcomecollection.org/access,Accessibility ,Using the Library
opening hours,wellcomelibrary.org/using-the-library/visiting-the-library/opening-hours/,https://wellcomecollection.org/opening-times,Opening times,Using the Library
booking a tour or visit,wellcomelibrary.org/using-the-library/visiting-the-library/booking-a-tour-or-visit/,https://wellcomecollection.org/pages/Wuw19yIAAK1Z3Sma,Daily guided tours or discussions ,Using the Library
services and facilities,wellcomelibrary.org/using-the-library/services-and-facilities/,https://wellcomecollection.org/pages/YCAVKxIAACIAV1oF,Library Services ,Using the Library
copying and imaging,wellcomelibrary.org/using-the-library/services-and-facilities/copying-and-imaging/,https://wellcomecollection.org/pages/YBGdERMAAB8AjXKe,Copying and Photography ,Using the Library
computers printing and wifi,wellcomelibrary.org/using-the-library/services-and-facilities/computers-printing-and-wifi/,https://wellcomecollection.org/pages/YBGcehMAAB4AjW_c,Computes and WiFi,Using the Library
study rooms,wellcomelibrary.org/using-the-library/services-and-facilities/study-rooms/,https://wellcomecollection.org/pages/YBGczxMAACAAjXFz,Study Rooms ,Using the Library
inter library loans,wellcomelibrary.org/using-the-library/services-and-facilities/interlibrary-loans/,https://wellcomecollection.org/pages/YCUJ1hUAACcAUi5L,Inter-library Loans ,Using the Library
how to use the library,wellcomelibrary.org/using-the-library/how-to/,https://wellcomecollection.org/collections,Collections ,Using the Library
which search tool should I use,wellcomelibrary.org/using-the-library/how-to/which-search-tool/,https://wellcomecollection.org/collections,Collections ,Using the Library
searching all catalogues,wellcomelibrary.org/using-the-library/how-to/searching-all-catalogues/,https://wellcomecollection.org/collections,Collections ,Using the Library
searching by subject,wellcomelibrary.org/using-the-library/how-to/searching-by-subject/,https://wellcomecollection.org/collections,Collections ,Using the Library
searching the library catalogue,wellcomelibrary.org/using-the-library/how-to/searching-the-library-catalogue/,https://wellcomecollection.org/collections,Collections ,Using the Library
finding materials in the library,wellcomelibrary.org/using-the-library/how-to/finding-materials-in-the-library/,https://wellcomecollection.org/pages/YA64vRMAACAAgRjZ,Accessing the collections,Using the Library
finding early printed books online,wellcomelibrary.org/using-the-library/how-to/finding-early-printed-books/,https://wellcomecollection.org/collections,Collections ,Using the Library
RSS feeds,wellcomelibrary.org/using-the-library/how-to/rss-feeds/,https://wellcomecollection.org/collections,Collections ,Using the Library
browser widgets,wellcomelibrary.org/using-the-library/how-to/browser-widgets/,https://wellcomecollection.org/collections,Collections ,Using the Library
electronic resources feedback form,wellcomelibrary.org/using-the-library/services-and-facilities/contact-us/e-resources-feedback,https://wellcomecollection.org/pages/Wuw19yIAAK1Z3Smm,The Library ,Using the Library
library catalogue endnote filter,wellcomelibrary.org/using-the-library/how-to/EndNote-filter/,https://wellcomecollection.org/collections,Collections ,Using the Library
library catalogue access via Z39.50,wellcomelibrary.org/using-the-library/how-to/z3950/,https://developers.wellcomecollection.org/,Developers,Collections
collections,wellcomelibrary.org/collections/,https://wellcomecollection.org/collections,Collections section,Collections
about the collections,wellcomelibrary.org/collections/about-the-collections/,https://wellcomecollection.org/pages/YE99nRAAACMAb7YE,What's in the Collection?,Collections
archives and manuscripts,wellcomelibrary.org/collections/about-the-collections/archives-and-manuscripts/,https://wellcomecollection.org/pages/YE99nRAAACMAb7YE,What's in the Collection?,Collections
finding medical archives elsewhere,wellcomelibrary.org/collections/about-the-collections/archives-and-manuscripts/finding-medical-archives-elsewhere/,https://wellcomecollection.org/pages/YA64vRMAACAAgRjZ,Accessing the collections,Collections
history of medicine collection,wellcomelibrary.org/collections/about-the-collections/history-of-medicine-collection/,https://wellcomecollection.org/pages/YE99nRAAACMAb7YE,What's in the Collections?,Collections
medical collection,wellcomelibrary.org/collections/about-the-collections/medical-collection/,https://wellcomecollection.org/pages/YE99nRAAACMAb7YE,What's in the Collections?,Collections
rare books,wellcomelibrary.org/collections/about-the-collections/medical-collection/rare-books/,https://wellcomecollection.org/pages/YE99nRAAACMAb7YE,What's in the Collections?,Collections
ephemera,wellcomelibrary.org/collections/about-the-collections/medical-collection/ephemera/,https://wellcomecollection.org/pages/YE99nRAAACMAb7YE,What's in the Collections?,Collections
art collection,wellcomelibrary.org/collections/about-the-collections/art-collection/,https://wellcomecollection.org/pages/YE99nRAAACMAb7YE,What's in the Collections?,Collections
asian collection,wellcomelibrary.org/collections/about-the-collections/asian-collection/,https://wellcomecollection.org/pages/YE99nRAAACMAb7YE,What's in the Collections?,Collections
moving image and sound,wellcomelibrary.org/collections/about-the-collections/moving-image-and-sound-collection/,https://wellcomecollection.org/pages/YE99nRAAACMAb7YE,What's in the Collections?,Collections
Subject Guides,wellcomelibrary.org/collections/subject-guides/,https://wellcomecollection.org/pages/YA64vRMAACAAgRjZ,Accessing the collections,Collections
Introduction to popular science resources,wellcomelibrary.org/collections/subject-guides/introduction-to-popular-science-resources/,https://wellcomecollection.org/pages/YA64vRMAACAAgRjZ,Accessing the collections,Collections
Biography and family history,wellcomelibrary.org/collections/subject-guides/biography-and-family-history/,https://wellcomecollection.org/pages/YA64vRMAACAAgRjZ,Accessing the collections,Collections
Biography and family history: general resources,wellcomelibrary.org/collections/subject-guides/biography-and-family-history/biography-and-family-history-general-resources/,https://wellcomecollection.org/pages/YA64vRMAACAAgRjZ,Accessing the collections,Collections
"Biography and family history: doctors, physicians, surgeons and apothecaries",wellcomelibrary.org/collections/subject-guides/biography-and-family-history/biography-and-family-history-doctors-physicians-surgeons-and-apothecaries/,https://wellcomecollection.org/pages/YA64vRMAACAAgRjZ,Accessing the collections,Collections
Introduction to mortality statistics in England and Wales: 17th-20th century,wellcomelibrary.org/collections/subject-guides/introduction-to-mortality-statistics-in-england-and-wales/,https://wellcomecollection.org/pages/YA64vRMAACAAgRjZ,Accessing the collections,Collections
browse by topic,wellcomelibrary.org/collections/browse/topics/,https://wellcomecollection.org/collections,Collections section,Collections
browse by genre,wellcomelibrary.org/collections/browse/genres/,https://wellcomecollection.org/collections,Collections section,Collections
browse by author,wellcomelibrary.org/collections/browse/authors/,https://wellcomecollection.org/collections,Collections section,Collections
browse by digital collection,wellcomelibrary.org/collections/browse/collections/,https://wellcomecollection.org/collections,Collections section,Collections
browse digitised content,wellcomelibrary.org/collections/browse/,https://wellcomecollection.org/collections,Collections section,Collections
Reading Room,wellcomelibrary.org/collections/digital-collections/reading-room/,https://wellcomecollection.org/pages/Wvlk4yAAAB8A3ufp,The Reading Room,Collections
biomedical images,wellcomelibrary.org/collections/about-the-collections/biomedical-images/,https://wellcomecollection.org/collections,Collections section,Collections
alcohol and drugs,wellcomelibrary.org/collections/archive-guides/alcohol-and-drugs/,https://wellcomecollection.org/collections,Collections section,Collections
anatomy and physiology,wellcomelibrary.org/collections/archive-guides/anatomy-and-physiology/,https://wellcomecollection.org/collections,Collections section,Collections
animals,wellcomelibrary.org/collections/archive-guides/animals/,https://wellcomecollection.org/collections,Collections section,Collections
alternative medicine,wellcomelibrary.org/collections/archive-guides/alternative-medicine/,https://wellcomecollection.org/collections,Collections section,Collections
diseases and disorders,wellcomelibrary.org/collections/archive-guides/diseases-and-disorders/,https://wellcomecollection.org/collections,Collections section,Collections
food and medicine,wellcomelibrary.org/collections/archive-guides/food-and-medicine/,https://wellcomecollection.org/collections,Collections section,Collections
health professions,wellcomelibrary.org/collections/archive-guides/health-professions/,https://wellcomecollection.org/collections,Collections section,Collections
heredity and genetics,wellcomelibrary.org/collections/archive-guides/heredity-and-genetics/,https://wellcomecollection.org/collections,Collections section,Collections
hospitals,wellcomelibrary.org/collections/archive-guides/hospitals/,https://wellcomecollection.org/collections,Collections section,Collections
local history,wellcomelibrary.org/collections/archive-guides/local-history/,https://wellcomecollection.org/collections,Collections section,Collections
locations and travel,wellcomelibrary.org/collections/archive-guides/locations-and-travel/,https://wellcomecollection.org/collections,Collections section,Collections
maternity and child welfare,wellcomelibrary.org/collections/archive-guides/maternity-and-child-welfare/,https://wellcomecollection.org/collections,Collections section,Collections
medical imaging,wellcomelibrary.org/collections/archive-guides/medical-imaging/,https://wellcomecollection.org/collections,Collections section,Collections
mental health and psychiatry,wellcomelibrary.org/collections/archive-guides/mental-health-and-psychiatry/,https://wellcomecollection.org/collections,Collections section,Collections
public health,wellcomelibrary.org/collections/archive-guides/public-health/,https://wellcomecollection.org/collections,Collections section,Collections
sex and sexual health,wellcomelibrary.org/collections/archive-guides/sex-and-sexual-health/,https://wellcomecollection.org/collections,Collections section,Collections
society and culture,wellcomelibrary.org/collections/archive-guides/society-and-culture/,https://wellcomecollection.org/collections,Collections section,Collections
treatment and therapy,wellcomelibrary.org/collections/archive-guides/treatment-and-therapy/,https://wellcomecollection.org/collections,Collections section,Collections
war and medicine,wellcomelibrary.org/collections/archive-guides/war-and-medicine/,https://wellcomecollection.org/collections,Collections section,Collections
digital collections,wellcomelibrary.org/collections/digital-collections/,https://wellcomecollection.org/pages/YA64vRMAACAAgRjZ#digital-collections,Accessing our collections,Collections
aids posters,wellcomelibrary.org/collections/digital-collections/aids-posters/,https://wellcomecollection.org/pages/YA64vRMAACAAgRjZ#digital-collections,Accessing our collections,Collections
arabic manuscripts,wellcomelibrary.org/collections/digital-collections/arabic-manuscripts/,https://wellcomecollection.org/pages/YA64vRMAACAAgRjZ#digital-collections,Accessing our collections,Collections
film and sound,wellcomelibrary.org/collections/digital-collections/film-and-sound/,https://wellcomecollection.org/pages/YA64vRMAACAAgRjZ#digital-collections,Accessing our collections,Collections
recipe books,wellcomelibrary.org/collections/digital-collections/recipe-books/,https://wellcomecollection.org/pages/YA64vRMAACAAgRjZ#digital-collections,Accessing our collections,Collections
the royal army medical corps,wellcomelibrary.org/collections/digital-collections/royal-army-medical-corps/,https://wellcomecollection.org/works/xqc9qs4x,archive catalogue page,Collections
sexology,wellcomelibrary.org/collections/digital-collections/sexology/,https://wellcomecollection.org/pages/YA64vRMAACAAgRjZ#digital-collections,Accessing our collections,Collections
john thomson photographs,wellcomelibrary.org/collections/digital-collections/john-thomson-photographs/,https://wellcomecollection.org/pages/YA64vRMAACAAgRjZ#digital-collections,Accessing our collections,Collections
research newsletter,wellcomelibrary.org/using-the-library/research-newsletter,https://wellcomecollection.org/pages/YBmCmhMAAB4Ar0G1,Events for researchers,Collections
UK medical heritage library,wellcomelibrary.org/collections/digital-collections/uk-medical-heritage-library/,https://wellcomecollection.org/pages/YA64vRMAACAAgRjZ#digital-collections,Accessing our collections,Collections
Mental healthcare,wellcomelibrary.org/collections/digital-collections/mental-healthcare/,https://wellcomecollection.org/pages/YA64vRMAACAAgRjZ#digital-collections,Accessing our collections,Collections
The Retreat,wellcomelibrary.org/collections/digital-collections/mental-healthcare/the-retreat/,https://wellcomecollection.org/works/ev6qtxjs,archive catalogue page,Collections
Gartnaval Royal Hospital,wellcomelibrary.org/collections/digital-collections/mental-healthcare/gartnavel-royal-hospital/,https://wellcomecollection.org/works/pk2ufbnt,archive catalogue page,Collections
St Luke's Hospital,wellcomelibrary.org/collections/digital-collections/mental-healthcare/crichton-royal-hospital/,https://wellcomecollection.org/works/dsmuyu47,archive catalogue page,Collections
Crichton Royal Hospital,wellcomelibrary.org/collections/digital-collections/mental-healthcare/st-lukes-hospital/,https://wellcomecollection.org/works/utmcnmq8,archive catalogue page,Collections
Holloway Sanatorium,wellcomelibrary.org/collections/digital-collections/mental-healthcare/holloway-sanatorium/,https://wellcomecollection.org/works/s3pqejg4,archive catalogue page,Collections
Ticehurst House Hospital,wellcomelibrary.org/collections/digital-collections/mental-healthcare/ticehurst-house-hospital/,https://wellcomecollection.org/works/xysguff2,archive catalogue page,Collections
Camberwell House Asylum,wellcomelibrary.org/collections/digital-collections/mental-healthcare/camberwell-house/,https://wellcomecollection.org/works/efdzut67,archive catalogue page,Collections
Manor House Asylum,wellcomelibrary.org/collections/digital-collections/mental-healthcare/manor-house-asylum/,https://wellcomecollection.org/works/fxgn6573,archive catalogue page,Collections
William Walters Sargent,wellcomelibrary.org/collections/digital-collections/mental-healthcare/william-sargant/,https://wellcomecollection.org/works/hgnrtrt6,archive catalogue page,Collections
George Shuttleworth,wellcomelibrary.org/collections/digital-collections/mental-healthcare/george-shuttleworth/,https://wellcomecollection.org/works/asapyeue,archive catalogue page,Collections
Rudolf Karl Freudenberg,wellcomelibrary.org/collections/digital-collections/mental-healthcare/Rudolf-Karl-Freudenberg/,https://wellcomecollection.org/works/t8phnu78,archive catalogue page,Collections
Robina Addis,wellcomelibrary.org/collections/digital-collections/mental-healthcare/robina-addis/,https://wellcomecollection.org/works/yef8epmt,archive catalogue page,Collections
James Adam,wellcomelibrary.org/collections/digital-collections/mental-healthcare/james-adam/,https://wellcomecollection.org/works/pwsm4v92,archive catalogue page,Collections
Mental After Care Association,wellcomelibrary.org/collections/digital-collections/mental-healthcare/mental-after-care-association/,https://wellcomecollection.org/works/n9845w4v,archive catalogue page,Collections
finding recipe manuscripts online,wellcomelibrary.org/collections/about-the-collections/archives-and-manuscripts/finding-recipe-manuscripts-online/,https://wellcomecollection.org/pages/YA64vRMAACAAgRjZ,Accessing the collections,Collections
carlos paton blacker,wellcomelibrary.org/collections/digital-collections/makers-of-modern-genetics/digitised-archives/carlos-paton-blacker/,https://wellcomecollection.org/works/v47zc9bp,archive catalogue page,Codebreakers
sydney brenner,wellcomelibrary.org/collections/digital-collections/makers-of-modern-genetics/digitised-archives/sydney-brenner/,https://wellcomecollection.org/works/vma4j4xc,archive catalogue page,Codebreakers
alan coulson,wellcomelibrary.org/collections/digital-collections/makers-of-modern-genetics/digitised-archives/alan-coulson/,https://wellcomecollection.org/works/rqvm678b,archive catalogue page,Codebreakers
francis crick,wellcomelibrary.org/collections/digital-collections/makers-of-modern-genetics/digitised-archives/francis-crick/,https://wellcomecollection.org/works/hz43r7re,archive catalogue page,Codebreakers
eugenics society,wellcomelibrary.org/collections/digital-collections/makers-of-modern-genetics/digitised-archives/eugenics-society/,https://wellcomecollection.org/works/w4v5xdrn,archive catalogue page,Codebreakers
honor fell,wellcomelibrary.org/collections/digital-collections/makers-of-modern-genetics/digitised-archives/honor-fell/,https://wellcomecollection.org/works/kmn985ad,archive catalogue page,Codebreakers
malcolm ferguson-smith,wellcomelibrary.org/collections/digital-collections/makers-of-modern-genetics/digitised-archives/malcolm-ferguson-smith/,https://wellcomecollection.org/works/jke5ywsv,archive catalogue page,Codebreakers
rosalind franklin,wellcomelibrary.org/collections/digital-collections/makers-of-modern-genetics/digitised-archives/rosalind-franklin/,https://wellcomecollection.org/works/ka25u4ft,archive catalogue page,Codebreakers
francis galton,wellcomelibrary.org/collections/digital-collections/makers-of-modern-genetics/digitised-archives/francis-galton/,https://wellcomecollection.org/works/hm5hrdp5,archive catalogue page,Codebreakers
hans gruneberg,wellcomelibrary.org/collections/digital-collections/makers-of-modern-genetics/digitised-archives/hans-gruneberg/,https://wellcomecollection.org/works/emeb9jnr,archive catalogue page,Codebreakers
j b s haldane,wellcomelibrary.org/collections/digital-collections/makers-of-modern-genetics/digitised-archives/j-b-s-haldane/,https://wellcomecollection.org/works/g6djvdbe,archive catalogue page,Codebreakers
peter medawar,wellcomelibrary.org/collections/digital-collections/makers-of-modern-genetics/digitised-archives/peter-medawar/,https://wellcomecollection.org/works/w6x2fer2,archive catalogue page,Codebreakers
medical research council blood group unit,wellcomelibrary.org/collections/digital-collections/makers-of-modern-genetics/digitised-archives/mrc-blood-group-unit/,https://wellcomecollection.org/works/jpgzdtcw,archive catalogue page,Codebreakers
arthur mourant,wellcomelibrary.org/collections/digital-collections/makers-of-modern-genetics/digitised-archives/arthur-mourant/,https://wellcomecollection.org/works/xk7t2xw9,archive catalogue page,Codebreakers
lionel penrose,wellcomelibrary.org/collections/digital-collections/makers-of-modern-genetics/digitised-archives/lionel-penrose/,https://wellcomecollection.org/works/quedyxap,archive catalogue page,Codebreakers
guido pontecorvo,wellcomelibrary.org/collections/digital-collections/makers-of-modern-genetics/digitised-archives/guido-pontecorvo/,https://wellcomecollection.org/works/uad4jhwg,archive catalogue page,Codebreakers
robert race and ruth sanger,wellcomelibrary.org/collections/digital-collections/makers-of-modern-genetics/digitised-archives/robert-race-ruth-sanger/,https://wellcomecollection.org/works/jad7chzx,archive catalogue page,Codebreakers
james renwick,wellcomelibrary.org/collections/digital-collections/makers-of-modern-genetics/digitised-archives/james-renwick/,https://wellcomecollection.org/works/nw4dbfuv,archive catalogue page,Codebreakers
frederick sanger,wellcomelibrary.org/collections/digital-collections/makers-of-modern-genetics/digitised-archives/fred-sanger/,https://wellcomecollection.org/works/vm5aw6a5,archive catalogue page,Codebreakers
james watson,wellcomelibrary.org/collections/digital-collections/makers-of-modern-genetics/digitised-archives/james-watson/,https://wellcomecollection.org/works/an4uu8sz,archive catalogue page,Codebreakers
maurice wilkins and the medical research council biophysics unit,wellcomelibrary.org/collections/digital-collections/makers-of-modern-genetics/digitised-archives/maurice-wilkins-mrc-biophysics-unit-archive/,https://wellcomecollection.org/works/cbjzx6u8,archive catalogue page,Codebreakers
gerard wyatt,wellcomelibrary.org/collections/digital-collections/makers-of-modern-genetics/digitised-archives/gerard-wyatt/,https://wellcomecollection.org/works/aj393duc,archive catalogue page,Codebreakers
digitised archives,wellcomelibrary.org/collections/digital-collections/makers-of-modern-genetics/digitised-archives/,https://wellcomecollection.org/pages/YA64vRMAACAAgRjZ,Accessing our collections,Codebreakers
genetics in context,wellcomelibrary.org/collections/digital-collections/makers-of-modern-genetics/history-of-genetics-article/,https://wellcomecollection.org/collections,Collections section,Codebreakers
history of genetics timeline,wellcomelibrary.org/collections/digital-collections/makers-of-modern-genetics/genetics-timeline/,https://wellcomecollection.org/collections,Collections section,Codebreakers
browse by subject,wellcomelibrary.org/collections/digital-collections/makers-of-modern-genetics/browse-by-subject/,https://wellcomecollection.org/collections,Collections section,Codebreakers
codebreakers,wellcomelibrary.org/collections/digital-collections/makers-of-modern-genetics/,https://wellcomecollection.org/collections,Collections section,Codebreakers
contact us,wellcomelibrary.org/using-the-library/services-and-facilities/contact-us/,https://wellcomecollection.org/pages/Wuw19yIAAK1Z3Smm,The library,Remaining
request and delivery,wellcomelibrary.org/using-the-library/how-to/request-and-delivery/,https://wellcomecollection.org/pages/YCAVKxIAACIAV1oF,Library facilities,Remaining
search the catalogues,wellcomelibrary.org/search-the-catalogues/,https://wellcomecollection.org/collections,Collections section,Remaining
archives and manuscripts guides,wellcomelibrary.org/collections/archive-guides/,https://wellcomecollection.org/collections,Collections section,Remaining
wellcome library open access fund,wellcomelibrary.org/what-we-do/wellcome-library-open-access-fund/,https://wellcomecollection.org/collections,Collections section,Remaining
guide to the wellcome library open access fund,wellcomelibrary.org/what-we-do/wellcome-library-open-access-fund/guide-to-the-open-access-fund/,https://wellcomecollection.org/collections,Collections section,Remaining
library strategy and policy,wellcomelibrary.org/what-we-do/library-strategy-and-policy/,https://wellcomecollection.org/pages/Wvmu3yAAAIUQ4C7F,Policies and plans,Remaining
transforming the wellcome library 2009-2014,wellcomelibrary.org/what-we-do/library-strategy-and-policy/transforming-the-wellcome-library/,https://wellcomecollection.org/pages/Wvmu3yAAAIUQ4C7F,Policies and plans,Remaining
collection and development policy,wellcomelibrary.org/what-we-do/library-strategy-and-policy/collection-development-policy/,https://wellcomecollection.org/pages/Wvmu3yAAAIUQ4C7F,Policies and plans,Remaining
jobs at the wellcome library,wellcomelibrary.org/what-we-do/jobs-at-wellcome-library/,https://wellcome.org/jobs,WT jobs,Remaining
sandbox,wellcomelibrary.org/what-we-do/sandbox/,https://developers.wellcomecollection.org/,Wellcome Collection Developers,Remaining
wellcome weather,wellcomelibrary.org/what-we-do/sandbox/wellcome-weather/,https://developers.wellcomecollection.org/,Wellcome Collection Developers,Remaining
events,wellcomelibrary.org/events/,https://wellcomecollection.org/whats-on,What's On section,Remaining
past events,wellcomelibrary.org/events/past-events/,https://wellcomecollection.org/whats-on,What's On section,Remaining
disclaimer,wellcomelibrary.org/about-this-site/disclaimer/,https://wellcome.org/who-we-are/governance/privacy-and-terms,Privacy link at the bottom of each page,Remaining
feedback,wellcomelibrary.org/about-this-site/feedback,https://developers.wellcomecollection.org/,Wellcome Collection Developers,Remaining
privacy,wellcomelibrary.org/about-this-site/privacy/,https://wellcome.org/who-we-are/governance/privacy-and-terms,Privacy link at the bottom of each page,Remaining
What we do,wellcomelibrary.org/what-we-do/,https://wellcomecollection.org/collections,Collections section,Remaining
digitisation at the wellcome library,wellcomelibrary.org/what-we-do/digitisation/,https://wellcomecollection.org/collections,Collections section,Remaining
digitisation schedules,wellcomelibrary.org/what-we-do/digitisation/digitisation-schedules/,https://wellcomecollection.org/collections,Collections section,Remaining
developing and caring for our collections,wellcomelibrary.org/what-we-do/developing-and-caring-for-our-collections/,https://wellcomecollection.org/collections,Collections section,Remaining
donating material,wellcomelibrary.org/what-we-do/developing-and-caring-for-our-collections/donating-material/,https://wellcomecollection.org/pages/YFiLgBAAACoAKF7b,Collections donations and offers,Remaining
digital curation,wellcomelibrary.org/what-we-do/developing-and-caring-for-our-collections/digital-curation/,https://wellcomecollection.org/collections,Collections section,Remaining
donating your digital archives,wellcomelibrary.org/what-we-do/developing-and-caring-for-our-collections/digital-curation/donating-digital-archives/,https://wellcomecollection.org/pages/YFiLgBAAACoAKF7b,Collections donations and offers,Remaining
resources on digital curation,wellcomelibrary.org/what-we-do/developing-and-caring-for-our-collections/digital-curation/resources-on-digital-curation/,https://wellcomecollection.org/collections,Collections section,Remaining
collecting genomics,wellcomelibrary.org/what-we-do/developing-and-caring-for-our-collections/collecting-genomics/,https://wellcomecollection.org/collections,Collections section,Remaining
collection care,wellcomelibrary.org/what-we-do/developing-and-caring-for-our-collections/collection-care/,https://wellcomecollection.org/collections,Collections section,Remaining
history of wellcome library,wellcomelibrary.org/what-we-do/history-of-wellcome-library/,https://wellcomecollection.org/pages/YE99nRAAACMAb7YE,What's in the Collection?,Remaining
researching henry wellcome and his work,wellcomelibrary.org/what-we-do/history-of-wellcome-library/researching-wellcome-work/,https://wellcomecollection.org/pages/YE99nRAAACMAb7YE,What's in the Collection?,Remaining
researching objects from the wellcome historical medical museum,wellcomelibrary.org/what-we-do/history-of-wellcome-library/wellcome-historical-medical-museum/,https://wellcomecollection.org/pages/YE99nRAAACMAb7YE,What's in the Collection?,Remaining
conditions of use,wellcomelibrary.org/what-we-do/library-strategy-and-policy/conditions-of-use/,https://wellcomecollection.org/pages/Wuw19yIAAK1Z3Smm,The library,Remaining
computer use policy,wellcomelibrary.org/what-we-do/library-strategy-and-policy/computer-use-policy/,https://wellcomecollection.org/pages/Wuw19yIAAK1Z3Smm,The library,Remaining
exhibition loan conditions,wellcomelibrary.org/what-we-do/library-strategy-and-policy/exhibition-loan-conditions/,https://wellcomecollection.org/pages/W7ZDghAAALiY1_Pb,Policies and plans,Remaining
preservation policy,wellcomelibrary.org/what-we-do/library-strategy-and-policy/preservation-policy/,https://wellcomecollection.org/pages/Wvmu3yAAAIUQ4C7F,Policies and plans,Remaining
use of electronic resources,wellcomelibrary.org/what-we-do/library-strategy-and-policy/use-of-e-resources/,https://wellcomecollection.org/pages/YDaP2BMAACUAT7DS,Databases,Remaining
about this site,wellcomelibrary.org/about-this-site/,https://developers.wellcomecollection.org/,Wellcome Collection Developers,Remaining
copyright clearance and takedown,wellcomelibrary.org/about-this-site/copyright-clearance-and-takedown/,https://wellcomecollection.org/pages/Wvmu3yAAAIUQ4C7F,Policies and plans,Remaining
terms and conditions,wellcomelibrary.org/about-this-site/terms-and-conditions/,https://wellcomecollection.org/pages/Wvmu3yAAAIUQ4C7F,Policies and plans,Remaining
exhibition loan conditions,wellcomelibrary.org/content/documents/policy-documents/loans-out.pdf,https://wellcomecollection.org/pages/Wvmu3yAAAIUQ4C7F,Policies and Plans,Remaining
library application form,wellcomelibrary.org/content/documents/libraryapplication.pdf,https://wellcomecollection.org/pages/X_2eexEAACQAZLBi,Library membership,pdf
Digitisation reports,wellcomelibrary.org/content/documents/22082/JPEG2000-preservation-format.pdf,https://developers.wellcomecollection.org/,Wellcome Collection Developers,pdf
Digitisation reports,wellcomelibrary.org/content/documents/22082/ODD.pdf,https://developers.wellcomecollection.org/,Wellcome Collection Developers,pdf
Digitisation reports,wellcomelibrary.org/content/documents/22082/TEI-ENRICH-schema.pdf,https://developers.wellcomecollection.org/,Wellcome Collection Developers,pdf
Biography and family history guide,wellcomelibrary.org/content/documents/biography-and-family-history-guide.pdf,https://wellcomecollection.org/collections,Collections section,pdf
Medical archives and manusccripts survey,wellcomelibrary.org/content/documents/medical-archives-and-manuscripts-survey.pdf,https://wellcomecollection.org/collections,Collections section,pdf
Hunter and the museum economy,wellcomelibrary.org/content/documents/john-hunter-and-the-museum-oeconomy,https://wellcomecollection.org/works/hcvxp2xa,works page,pdf
2009 year in review,wellcomelibrary.org/content/documents/Wellcome_Library_2009_Year_in_Review.pdf,https://wellcomecollection.org/works/tc9tgsu3,works page,pdf
Exibition loan conditions,wellcomelibrary.org/content/documents/exhibition-loan-conditions.pdf,https://wellcomecollection.org/pages/Wvmu3yAAAIUQ4C7F,Policies and plans,pdf
Collections development policy,wellcomelibrary.org/content/documents/collection-development-policy.pdf,https://wellcomecollection.org/pages/Wvmu3yAAAIUQ4C7F,What we do,pdf
Rights clearance exercise,wellcomelibrary.org/content/documents/rights-clearance-exercise.pdf,https://wellcomecollection.org/pages/Wvmu3yAAAIUQ4C7F,Policies and plans,pdf
WL open access fund applicaiton form,wellcomelibrary.org/content/documents/Wellcome_Library_Open_Access_Fund_Application_Form.pdf,https://wellcome.org/grant-funding/guidance/open-access-guidance/open-access-funding,,pdf
Preservation policy,wellcomelibrary.org/content/documents/Preservation-Policy-2014.pdf,https://wellcomecollection.org/pages/Wvmu3yAAAIUQ4C7F,Policies and plans,pdf
Access to personal data,wellcomelibrary.org/content/documents/access-to-personal-data.pdf,https://wellcomecollection.org/pages/Wvmu3yAAAIUQ4C7F,Policies and plans,pdf
WL open access fund application,wellcomelibrary.org/content/documents/Wellcome_Library_Open_Access_Fund_Application_Form_PDF_form_Aug_2016.pdf,https://wellcome.org/grant-funding/guidance/open-access-guidance/open-access-funding,WT open access funding,pdf
Exhibition loan conditions,wellcomelibrary.org/content/documents/Exhibition_Loan_Conditions_2018.pdf,https://wellcomecollection.org/pages/Wvmu3yAAAIUQ4C7F,Policies and plans,pdf
Loans out,wellcomelibrary.org/content/documents/loans-out.pdf,https://wellcomecollection.org/pages/Wvmu3yAAAIUQ4C7F,Policies and plans,pdf
Catalogue of chinese books and manuscripts,wellcomelibrary.org/content/documents/catalogue-of-chinese-books-and-manscripts.pdf,https://wellcomecollection.org/works/kfksrhxy,works page,pdf
Descriptive and analytical catalogue of persian manuscripts,wellcomelibrary.org/content/documents/a-descriptive-and-analytical-catalogue-of-persian-manuscripts.pdf,https://wellcomecollection.org/works/fyz8npv6,works page,pdf
Handlist of sanskrit and prakrit manuscripts vol 1,wellcomelibrary.org/content/documents/a-handlist-of-sanskrit-and-prakrit-manuscripts-volume-1.pdf,https://wellcomecollection.org/works/n5usb8kq,works page,pdf
Handlist of sanskrit and prakrit manuscripts vol 2,wellcomelibrary.org/content/documents/a-handlist-of-sanskrit-and-prakrit-manuscripts-volume-2.pdf,https://wellcomecollection.org/works/n5usb8kq,works page,pdf
Catalogue of sinhalese manuscripts,wellcomelibrary.org/content/documents/catalogue-of-the-sinhalese-manuscripts.pdf,https://wellcomecollection.org/works/ee2x3kwu,works page,pdf
Catalogue of tibetan manuscripts and xylographs,wellcomelibrary.org/content/documents/catalogue-of-tibetan-manuscripts-and-xylographs.pdf,https://wellcomecollection.org/works/peubpyzh,works page,pdf
Catalouge of burmense and burmese pali manuscripts,wellcomelibrary.org/content/documents/catalogue-of-burmese-and-burmese-pali-manuscripts.pdf,https://wellcomecollection.org/works/y85tqt8c,works page,pdf
Catalogue of hinid manuscripts,wellcomelibrary.org/content/documents/a-descriptive-catalogue-of-the-hindi-manuscripts.pdf,https://wellcomecollection.org/works/shnkxmbj,works page,pdf
Japanese medical,wellcomelibrary.org/content/documents/japanese-medical.pdf,https://wellcomecollection.org/collections,Collections section,pdf
Women in medicine archives guide,wellcomelibrary.org/content/documents/women-in-medicine-archives.pdf,https://wellcomecollection.org/collections,Collections section,pdf
Southern africa archives guide,wellcomelibrary.org/content/documents/southern-africa-archives.pdf,https://wellcomecollection.org/collections,Collections section,pdf
West africa archives guide,wellcomelibrary.org/content/documents/west-africa-archives.pdf,https://wellcomecollection.org/collections,Collections section,pdf
South amerca archives guide,wellcomelibrary.org/content/documents/south-america-archives.pdf,https://wellcomecollection.org/collections,Collections section,pdf
Caribbean archives guide,wellcomelibrary.org/content/documents/caribbean-archives.pdf,https://wellcomecollection.org/collections,Collections section,pdf
"Exercise, fitness and sport archives guide",wellcomelibrary.org/content/documents/exercise-fitness-sport-archives.pdf,https://wellcomecollection.org/collections,Collections section,pdf
Far East archives guide,wellcomelibrary.org/content/documents/far-east-archives.pdf,https://wellcomecollection.org/collections,Collections section,pdf
Health tourism archives guide,wellcomelibrary.org/content/documents/health-tourism-archives.pdf,https://wellcomecollection.org/collections,Collections section,pdf
Medical charities archives guide,wellcomelibrary.org/content/documents/medical-charities-archives.pdf,https://wellcomecollection.org/collections,Collections section,pdf
Medial ethics and professional relations archives guide,wellcomelibrary.org/content/documents/medical-ethics-professional-relations-archives.pdf,https://wellcomecollection.org/collections,Collections section,pdf
Medical ehtics archives guide,wellcomelibrary.org/content/documents/medical-ethics-archives.pdf,https://wellcomecollection.org/collections,Collections section,pdf
Medical missionaries and societies archives guide,wellcomelibrary.org/content/documents/medical-missionaries-and-societies-archives.pdf,https://wellcomecollection.org/collections,Collections section,pdf
Near and middle eastern archives,wellcomelibrary.org/content/documents/near-and-middle-east-archives.pdf,https://wellcomecollection.org/collections,Collections section,pdf
North america archives guide,wellcomelibrary.org/content/documents/north-america-archives.pdf,https://wellcomecollection.org/collections,Collections section,pdf
Occupational helath and medicine archives guide,wellcomelibrary.org/content/documents/occupational-health-medicine-archives.pdf,https://wellcomecollection.org/collections,Collections section,pdf
Polar regions archives guide,wellcomelibrary.org/content/documents/polar-regions-archives.pdf,https://wellcomecollection.org/collections,Collections section,pdf
Race and ethnic issues archives guide,wellcomelibrary.org/content/documents/race-and-ethnic-issues-archives.pdf,https://wellcomecollection.org/collections,Collections section,pdf
Religion archives guide,wellcomelibrary.org/content/documents/religion-archives.pdf,https://wellcomecollection.org/collections,Collections section,pdf
Social work archives guide,wellcomelibrary.org/content/documents/social-work-archives.pdf,https://wellcomecollection.org/collections,Collections section,pdf
War psychology and psychiatry archives guide,wellcomelibrary.org/content/documents/war-psychology-and-psychiatry-archives.pdf,https://wellcomecollection.org/collections,Collections section,pdf
East africa archives guide,wellcomelibrary.org/content/documents/africa-east-africa-archives.pdf,https://wellcomecollection.org/collections,Collections section,pdf
Alcohol and drugs archives guide,wellcomelibrary.org/content/documents/alcohol-and-drugs-archives.pdf,https://wellcomecollection.org/collections,Collections section,pdf
Alternative medicine archives guide,wellcomelibrary.org/content/documents/alternative-medicine-archives.pdf,https://wellcomecollection.org/collections,Collections section,pdf
Central america archives guide,wellcomelibrary.org/content/documents/central-america-archives.pdf,https://wellcomecollection.org/collections,Collections section,pdf
Animals medical and scientific use archives,wellcomelibrary.org/content/documents/animals-medical-scientific-use-archives.pdf,https://wellcomecollection.org/collections,Collections section,pdf
Animals archives guide,wellcomelibrary.org/content/documents/animals-miscellaneous-archives.pdf,https://wellcomecollection.org/collections,Collections section,pdf
Antibiotics archives guide,wellcomelibrary.org/content/documents/antibiotics-archives.pdf,https://wellcomecollection.org/collections,Collections section,pdf
Australasia archives guide,wellcomelibrary.org/content/documents/australasia-archives.pdf,https://wellcomecollection.org/collections,Collections section,pdf
Birth control archives guide,wellcomelibrary.org/content/documents/birth-control-archives.pdf,https://wellcomecollection.org/collections,Collections section,pdf
Blood archives guide,wellcomelibrary.org/content/documents/blood-archives.pdf,https://wellcomecollection.org/collections,Collections section,pdf
Cancer archives guide,wellcomelibrary.org/content/documents/cancer-archives.pdf,https://wellcomecollection.org/collections,Collections section,pdf
Children and adolescents archives guide,wellcomelibrary.org/content/documents/children-and-adolescents-archives.pdf,https://wellcomecollection.org/collections,Collections section,pdf
Clinical photographs archives guide,wellcomelibrary.org/content/documents/clinical-photographs.pdf,https://wellcomecollection.org/collections,Collections section,pdf
Disabiliites archives guide,wellcomelibrary.org/content/documents/disabilities-archives.pdf,https://wellcomecollection.org/collections,Collections section,pdf
Domestic medicine 16th-17th century receipt books archives guide,wellcomelibrary.org/content/documents/domestic-medicine-receipt-book-16th-17th-century-archives.pdf,https://wellcomecollection.org/collections,Collections section,pdf
Domestic medicine 18th century receipt books archives guide,wellcomelibrary.org/content/documents/domestic-medicine-and-receipt-books-18-century-archives.pdf,https://wellcomecollection.org/collections,Collections section,pdf
Domestic medicine 19th century receipt books archives guide,wellcomelibrary.org/content/documents/domestic-medicine-and-receipt-books-19th-century-archives.pdf,https://wellcomecollection.org/collections,Collections section,pdf
Ears hearing and deafness archives guide,wellcomelibrary.org/content/documents/ears-hearing-deafness-archives.pdf,https://wellcomecollection.org/collections,Collections section,pdf
Eastern Europe archives guide,wellcomelibrary.org/content/documents/eastern-europe-archives.pdf,https://wellcomecollection.org/collections,Collections section,pdf
Eyes archives guide,wellcomelibrary.org/content/documents/eyes-archives.pdf,https://wellcomecollection.org/collections,Collections section,pdf
Health education promotion archives guide,wellcomelibrary.org/content/documents/health-education-promotion-archives.pdf,https://wellcomecollection.org/collections,Collections section,pdf
Heredity and genetics archives guide,wellcomelibrary.org/content/documents/heredity-and-genetics-archives.pdf,https://wellcomecollection.org/collections,Collections section,pdf
Individual hospitals UK and Ireland excluding London archives guide,wellcomelibrary.org/content/documents/individual-hospitals-in-uk-ireland-excluding-london-archives.pdf,https://wellcomecollection.org/collections,Collections section,pdf
Indivicual hospital London archives guide,wellcomelibrary.org/content/documents/individual-hospitals-uk-london-archives.pdf,https://wellcomecollection.org/collections,Collections section,pdf
Individual hospitals overseas archives guide,wellcomelibrary.org/content/documents/individual-hospitals-overseas-archives.pdf,https://wellcomecollection.org/collections,Collections section,pdf
Hospitals military and naval archives guide,wellcomelibrary.org/content/documents/hospitals-military-naval-archives.pdf,https://wellcomecollection.org/collections,Collections section,pdf
Hospital history nd policy archives guide,wellcomelibrary.org/content/documents/hospitals-history-policy-archives.pdf,https://wellcomecollection.org/collections,Collections section,pdf
Immunology and virology archives guide,wellcomelibrary.org/content/documents/immunology-and-virology-archives.pdf,https://wellcomecollection.org/collections,Collections section,pdf
International organisations archives guide,wellcomelibrary.org/content/documents/international-organisation-archives.pdf,https://wellcomecollection.org/collections,Collections section,pdf
Local history London archives guide,wellcomelibrary.org/content/documents/local-history-london-archives.pdf,https://wellcomecollection.org/collections,Collections section,pdf
Local history UK archives guide,wellcomelibrary.org/content/documents/local-history-non-london-archives.pdf,https://wellcomecollection.org/collections,Collections section,pdf
Malaria archives guide,wellcomelibrary.org/content/documents/malaria-archives.pdf,https://wellcomecollection.org/collections,Collections section,pdf
Maritime medicine archives guide,wellcomelibrary.org/content/documents/maritime-medicine-archives.pdf,https://wellcomecollection.org/collections,Collections section,pdf
Mothers and babies archives guide,wellcomelibrary.org/content/documents/mothers-and-babies-archives.pdf,https://wellcomecollection.org/collections,Collections section,pdf
Neurology and neuroscience archives guide,wellcomelibrary.org/content/documents/neurology-and-neurosciences-archives.pdf,https://wellcomecollection.org/collections,Collections section,pdf
Nursing midwifery and health visitor archives guide,wellcomelibrary.org/content/documents/nursing-midwifery-and-health-visiting-archives.pdf,https://wellcomecollection.org/collections,Collections section,pdf
Nutrition archives guide,wellcomelibrary.org/content/documents/nutrition-archives.pdf,https://wellcomecollection.org/collections,Collections section,pdf
Groups archvie guide,wellcomelibrary.org/content/documents/-groups-archives.pdf,https://wellcomecollection.org/collections,Collections section,pdf
Psychiatry personal papers archives guide,wellcomelibrary.org/content/documents/psychiatry-personal-papers.pdf,https://wellcomecollection.org/collections,Collections section,pdf
Psychology psychiatry institutions archives guide,wellcomelibrary.org/content/documents/psychiatry-psychology-psychoanalysis-institutions-archives.pdf,https://wellcomecollection.org/collections,Collections section,pdf
Public health archives guide,wellcomelibrary.org/content/documents/public-health-archives.pdf,https://wellcomecollection.org/collections,Collections section,pdf
Radiology radiotherapy archives guide,wellcomelibrary.org/content/documents/radiology-radiotherapy-radiobiology-archives.pdf,https://wellcomecollection.org/collections,Collections section,pdf
Refugee scientists medical practitioners archives guide,wellcomelibrary.org/content/documents/refugee-scientists-medical-practitioners-archives.pdf,https://wellcomecollection.org/collections,Collections section,pdf
sex archives guide,wellcomelibrary.org/content/documents/sex-archives.pdf,https://wellcomecollection.org/collections,Collections section,pdf
Sexually transmitted diseases archives guide,wellcomelibrary.org/content/documents/sexually-transmitted-diseases-archives.pdf,https://wellcomecollection.org/collections,Collections section,pdf
Slavery and anti-slavery archive,wellcomelibrary.org/content/documents/slavery-and-anti-slavery-archives.pdf,https://wellcomecollection.org/collections,Collections section,pdf
Smoking and tobacco archives guide,wellcomelibrary.org/content/documents/smoking-tobacco-archives.pdf,https://wellcomecollection.org/collections,Collections section,pdf
South asia archives guide,wellcomelibrary.org/content/documents/south-asia-archives.pdf,https://wellcomecollection.org/collections,Collections section,pdf
Teeth archives guide,wellcomelibrary.org/content/documents/teeth-archives.pdf,https://wellcomecollection.org/collections,Collections section,pdf
Topographical photogrpahs archives guide,wellcomelibrary.org/content/documents/topographical-photographs.pdf,https://wellcomecollection.org/collections,Collections section,pdf
Travel writing archives guide,wellcomelibrary.org/content/documents/travel-writing-archives.pdf,https://wellcomecollection.org/collections,Collections section,pdf
Tropical medicine archives guide,wellcomelibrary.org/content/documents/tropical-medicine-archives.pdf,https://wellcomecollection.org/collections,Collections section,pdf
Tuberculosis archives guide,wellcomelibrary.org/content/documents/tuberculosis-archives.pdf,https://wellcomecollection.org/collections,Collections section,pdf
Vaccination and vaccines archives guides,wellcomelibrary.org/content/documents/vaccination-and-vaccines-archives.pdf,https://wellcomecollection.org/collections,Collections section,pdf
Veterinary medicine post 1800 archvies guide,wellcomelibrary.org/content/documents/veterinary-medicine-post-1800-archives.pdf,https://wellcomecollection.org/collections,Collections section,pdf
Veterinary medicine pre 1800 archvies guide,wellcomelibrary.org/content/documents/veterinary-medicine-pre-1800-archives.pdf,https://wellcomecollection.org/collections,Collections section,pdf
War medicine general archives guide,wellcomelibrary.org/content/documents/war-medicine-health-general-archives.pdf,https://wellcomecollection.org/collections,Collections section,pdf
War medicine WW1 guide,wellcomelibrary.org/content/documents/war-medicine-health-world-war-one-archives.pdf,https://wellcomecollection.org/collections,Collections section,pdf
War medicine WW2 guide,wellcomelibrary.org/content/documents/war-medicine-health-world-war-two-archives.pdf,https://wellcomecollection.org/collections,Collections section,pdf
Womens health and science pre 1900 archives guide,wellcomelibrary.org/content/documents/womens-health-since-1900-archives.pdf,https://wellcomecollection.org/collections,Collections section,pdf
Wellcome Library [home],wellcomelibrary.org/,https://wellcomecollection.org/,Collections section,Remaining
databases a-z,wellcomelibrary.org/using-the-library/how-to/databases-a-z/,https://wellcomecollection.org/pages/YDaP2BMAACUAT7DS#databases-only-accessible-in-the-library,Databases ,Using the Library
printed catalogues,wellcomelibrary.org/using-the-library/how-to/printed-catalogues/,https://wellcomecollection.org/collections,Collections section,Using the Library
searching archives and manuscripts,wellcomelibrary.org/using-the-library/how-to/searching-archives-and-manuscripts/,https://wellcomecollection.org/collections,Collections section,Using the Library